Dr, RA, DA, spiral_weighted, loose_plus_medium, arms_tight, arms_medium, arms_loose, irregular 
0,238.578796,12.125754,0.894187,1,0,0,1,0
0,133.905319,7.844087,0.953552,1,0,0.116,0.884,0.261
0,199.182037,-0.957441,0.93702,1,0,0.122,0.878,0
0,182.001328,53.773319,0.94,1,0,0.312,0.688,0
0,211.422684,46.427448,0.970125,1,0,0.41,0.59,0.139
0,201.138351,32.613319,0.952,1,0,0.025,0.975,0.143
0,208.582047,7.386757,0.81442,1,0,0.261,0.739,0
0,223.420196,54.262657,0.9604,1,0,0.429,0.571,0
0,188.631424,-0.765117,0.963036,1,0,0.63,0.37,0
0,232.68486,-1.37865,0.974,1,0,0.395,0.605,0.286
0,208.555008,19.592331,0.964,1,0,0.481,0.519,0
0,185.376617,67.61171,0.904,1,0,0.419,0.581,0.158
0,173.986374,33.16246,0.883534,1,0,0.387,0.613,0
0,144.049225,17.015547,0.976,1,0,0.167,0.833,0.25
0,173.961014,-3.095703,0.98802,1,0,0.091,0.909,0.156
0,198.149704,21.305021,0.90986,1,0,0.433,0.567,0
0,231.986343,7.858884,0.846044,1,0,0.061,0.939,0.222
0,202.494339,9.403436,0.88561,1,0,0.281,0.719,0.319
0,168.790619,8.783935,0.930104,1,0,0.225,0.775,0
0,225.150055,48.055832,0.9516,1,0,0.478,0.522,0
0,120.788635,51.691082,0.921155,1,0,0.079,0.921,0.133
0,217.129471,1.646487,0.997,1,0,0.406,0.594,0
0,219.850632,25.620277,0.766503,1,0,0.154,0.846,0.053
0,212.395142,52.559071,0.777919,1,0,0.371,0.629,0.03
0,163.791641,51.678734,0.939658,1,0,0.367,0.633,0.107
0,224.43399,33.906353,1,1,0,0.583,0.417,0
0,253.157669,31.734594,0.833744,1,0,0.342,0.658,0.125
0,254.998428,62.541641,0.779692,1,0,0.56,0.44,0
0,219.497238,17.848124,0.975,1,0,0.465,0.535,0
0,220.703949,55.153011,0.928071,1,0,0.077,0.923,0.231
0,160.961609,19.735563,0.72089,1,0,0.258,0.742,0.143
0,152.359665,18.834684,0.872407,1,0,0.372,0.628,0.32
0,224.160233,18.270372,0.972,1,0,0.8,0.2,0.143
0,119.553383,51.829208,0.87512,1,0,0.289,0.711,0.091
0,126.500267,59.560852,0.799268,1,0,0.056,0.944,0
0,200.457062,29.825218,0.806364,1,0,0,1,0.2
0,164.666351,37.803875,0.936903,1,0,0.159,0.841,0
0,120.109512,48.297272,1,1,0,0.63,0.37,0
0,225.42334,44.930813,0.934122,1,0,0.286,0.714,0
0,194.016083,18.612417,0.672352,1,0,0.032,0.968,0.043
0,206.198334,56.74387,1,1,0,0.075,0.925,0
0,234.722885,10.930467,0.883474,1,0,0.133,0.867,0.167
0,232.701279,21.638763,0.827931,1,0,0.042,0.958,0
0,236.745346,17.884176,0.889002,1,0,0.225,0.775,0.256
0,155.372711,5.941789,0.96129,1,0,0.364,0.636,0
0,187.535675,37.555843,0.92352,1,0,0.125,0.875,0.286
0,117.543907,30.685087,0.99,1,0,0.026,0.974,0.25
0,169.471161,54.646889,0.694803,0.672,0.328,0.385,0.287,0.27
0,125.048546,24.79862,0.745367,0.674,0.326,0.526,0.148,0.286
0,208.519348,13.593841,0.976,0.675,0.325,0.5,0.175,0
0,216.388428,33.848125,0.88147,0.675,0.324,0.432,0.243,0.167
0,137.610977,1.896564,0.900117,0.676,0.324,0.588,0.088,0
0,204.688385,24.128712,0.949,0.676,0.324,0.595,0.081,0
0,195.988937,19.522146,0.882639,0.677,0.324,0.559,0.118,0
0,134.955994,52.197834,0.837753,0.677,0.323,0.645,0.032,0.25
0,122.580528,52.095009,0.888975,0.678,0.323,0.484,0.194,0
0,214.042664,26.257778,0.754446,0.678,0.321,0.607,0.071,0
0,154.690002,1.829704,0.919672,0.68,0.32,0.58,0.1,0
0,220.519577,19.020939,0.692952,0.68,0.32,0.4,0.28,0
0,177.191483,8.493607,1,0.682,0.318,0.568,0.114,0.2
0,240.555237,15.937523,0.81954,0.683,0.317,0.463,0.22,0
0,118.512795,38.513897,0.743036,0.684,0.316,0.488,0.196,0.212
0,217.404419,15.106476,0.991,0.685,0.316,0.553,0.132,0.2
0,175.490524,53.957264,0.897054,0.686,0.314,0.457,0.229,0
0,183.162216,40.07832,0.881228,0.686,0.314,0.605,0.081,0
0,231.366455,4.784626,0.67392,0.687,0.312,0.656,0.031,0
0,218.328354,46.599369,0.796822,0.688,0.312,0.469,0.219,0.286
0,148.548309,7.127414,0.892997,0.689,0.31,0.534,0.155,0.167
0,251.01973,21.294775,0.934,0.69,0.31,0.621,0.069,0
0,137.866211,33.853416,0.82904,0.69,0.31,0.483,0.207,0
0,217.639969,25.51379,0.788103,0.692,0.308,0.654,0.038,0.143
0,225.969467,24.876156,0.759182,0.692,0.308,0.615,0.077,0
0,228.720322,17.523996,0.7803,0.693,0.308,0.231,0.462,0.2
0,212.089829,55.301487,0.947,0.694,0.306,0.444,0.25,0
0,221.554123,15.90957,0.761104,0.695,0.306,0.639,0.056,0.167
0,166.267578,50.997185,0.67712,0.695,0.304,0.652,0.043,0
0,133.545059,39.636864,0.732292,0.697,0.303,0.636,0.061,0
0,257.972137,31.600079,0.698436,0.697,0.303,0.455,0.242,0.091
0,181.695374,35.311344,0.927421,0.7,0.3,0.567,0.133,0
0,209.014175,13.505839,0.938,0.7,0.3,0.433,0.267,0.167
0,155.437592,11.615035,0.952,0.7,0.3,0.55,0.15,0
0,240.215027,28.106558,1,0.702,0.298,0.617,0.085,0
0,205.691422,9.446903,0.94478,0.703,0.297,0.541,0.162,0
0,155.897476,20.284918,0.794204,0.704,0.296,0.593,0.111,0
0,217.123612,36.485962,0.93,0.704,0.296,0.63,0.074,0.125
0,135.977417,47.996185,0.847543,0.705,0.294,0.529,0.176,0.167
0,218.972809,55.939156,0.866016,0.706,0.294,0.588,0.118,0.239
0,256.757019,31.421823,0.93208,0.707,0.293,0.561,0.146,0
0,220.654587,47.343899,0.921154,0.708,0.292,0.375,0.333,0.198
0,228.932449,57.325768,0.737665,0.709,0.29,0.548,0.161,0.152
0,175.242676,14.869504,0.93993,0.71,0.29,0.613,0.097,0
0,9.564857,-0.967383,0.974,0.71,0.289,0.447,0.263,0.111
0,215.818939,46.145657,0.974,0.711,0.289,0.474,0.237,0
0,172.114121,18.43162,0.925,0.714,0.286,0.673,0.041,0.2
0,179.605118,31.733212,0.712,0.714,0.286,0.571,0.143,0
0,204.339279,10.434146,0.934989,0.714,0.286,0.619,0.095,0.25
0,173.583557,2.773759,0.90321,0.715,0.286,0.679,0.036,0
0,165.549988,23.167227,0.946729,0.718,0.283,0.509,0.209,0.139
0,225.245422,50.460552,0.94965,0.718,0.282,0.615,0.103,0
0,140.52356,21.981474,1,0.719,0.281,0.649,0.07,0
0,243.65477,49.098591,0.713694,0.72,0.28,0.48,0.24,0.143
0,165.843277,34.107227,0.91443,0.721,0.279,0.605,0.116,0.125
0,230.830948,20.889162,0.692545,0.722,0.278,0.222,0.5,0
0,162.384552,4.573536,0.973,0.723,0.278,0.556,0.167,0.1
0,180.278442,51.412407,0.907046,0.724,0.276,0.621,0.103,0
0,210.94693,15.728489,0.74613,0.724,0.276,0.586,0.138,0
0,189.74852,13.743309,0.989,0.726,0.274,0.581,0.145,0
0,236.998596,10.079032,0.99,0.727,0.273,0.5,0.227,0.25
0,237.538757,4.568863,0.940012,0.728,0.273,0.576,0.152,0
0,129.331162,30.842049,0.948676,0.729,0.27,0.432,0.297,0
0,138.727875,5.552432,0.75295,0.73,0.27,0.568,0.162,0.25
0,225.992783,9.168567,0.963,0.731,0.269,0.231,0.5,0
0,213.995087,2.710299,0.93162,0.732,0.268,0.634,0.098,0.143
0,194.773331,11.479795,0.938,0.733,0.267,0.4,0.333,0
0,227.892181,27.057186,0.810509,0.734,0.267,0.667,0.067,0
0,171.115448,48.972454,0.965,0.735,0.265,0.676,0.059,0
0,198.715408,14.1837,0.728082,0.736,0.265,0.618,0.118,0.105
0,213.860916,10.066518,0.678744,0.737,0.263,0.579,0.158,0
0,121.311539,37.472557,0.977,0.738,0.262,0.714,0.024,0
0,240.475067,31.89205,0.982065,0.739,0.261,0.565,0.174,0
0,161.490478,32.453148,0.81792,0.739,0.261,0.609,0.13,0
0,200.773575,9.686571,0.818349,0.741,0.259,0.704,0.037,0.125
0,208.3936,12.874837,0.70334,0.741,0.259,0.667,0.074,0.271
0,133.723206,53.690464,0.919,0.742,0.258,0.677,0.065,0
0,195.973145,47.386478,0.853764,0.743,0.257,0.686,0.057,0.182
0,210.637207,9.079722,0.96714,0.744,0.257,0.658,0.086,0
0,203.061554,62.576748,0.951,0.744,0.256,0.667,0.077,0.25
0,151.207275,11.912943,0.78697,0.745,0.255,0.617,0.128,0.038
0,248.888245,27.318008,0.923037,0.75,0.25,0.719,0.031,0
0,201.18689,33.933071,0.80059,0.75,0.25,0.594,0.156,0
0,220.806381,16.44846,0.987,0.75,0.25,0.625,0.125,0
0,171.304199,60.111462,0.934122,0.75,0.25,0.607,0.143,0.273
0,255.574173,31.481241,0.799648,0.75,0.25,0.75,0,0
0,245.542526,44.304264,0.799768,0.75,0.25,0.5,0.25,0.143
0,154.701523,65.576637,0.755428,0.75,0.25,0.643,0.107,0.286
0,181.57576,20.612108,0.978,0.75,0.25,0.568,0.182,0
0,145.957794,28.722681,0.803061,0.755,0.245,0.58,0.175,0
0,159.05954,-0.159021,0.853785,0.756,0.244,0.488,0.268,0
0,127.105949,26.397354,0.786329,0.756,0.243,0.486,0.27,0.136
0,198.839828,1.92753,0.925,0.757,0.243,0.595,0.162,0.125
0,198.892761,14.559517,0.82535,0.758,0.242,0.667,0.091,0.286
0,239.79306,35.032883,0.953462,0.758,0.241,0.448,0.31,0
0,245.70842,43.005703,0.768545,0.759,0.241,0.638,0.121,0.25
0,114.404655,41.94706,0.936988,0.76,0.24,0.68,0.08,0
0,255.529343,39.973965,0.676363,0.762,0.238,0.714,0.048,0.2
0,143.809616,20.314877,0.909891,0.762,0.237,0.676,0.086,0
0,227.71135,13.130361,0.94965,0.764,0.237,0.711,0.053,0.294
0,159.836197,3.369233,0.971,0.765,0.235,0.706,0.059,0
0,120.390602,24.490185,0.772592,0.765,0.235,0.647,0.118,0.032
0,217.723068,11.236636,0.937992,0.766,0.233,0.633,0.133,0
0,180.191971,14.159552,0.977,0.767,0.233,0.651,0.116,0
0,203.957016,60.418015,0.935,0.768,0.233,0.605,0.163,0
0,317.323975,0.264601,0.681434,0.769,0.231,0.5,0.269,0
0,228.455444,27.753059,0.99,0.769,0.231,0.615,0.154,0
0,125.570877,50.38089,0.832595,0.771,0.229,0.571,0.2,0.211
0,145.503418,24.020397,0.686,0.771,0.229,0.6,0.171,0.286
0,216.356125,8.790906,0.978,0.772,0.227,0.636,0.136,0.182
0,176.94458,23.925608,0.688083,0.773,0.227,0.364,0.409,0
0,186.407028,6.486118,0.946,0.774,0.226,0.645,0.129,0
0,173.545792,62.563045,0.965124,0.775,0.226,0.71,0.065,0.143
0,145.192856,3.658393,0.88908,0.775,0.225,0.425,0.35,0
0,138.08136,46.090401,1,0.777,0.222,0.694,0.083,0.25
0,226.049088,7.456433,0.72,0.778,0.222,0.472,0.306,0.238
0,198.16301,46.486736,0.971,0.778,0.222,0.667,0.111,0.25
0,169.475754,12.054195,0.900317,0.778,0.222,0.722,0.056,0
0,136.197281,21.740917,0.976,0.781,0.22,0.488,0.293,0
0,159.406387,41.290607,0.888304,0.781,0.219,0.531,0.25,0
0,187.938767,3.572709,0.7821,0.782,0.218,0.673,0.109,0.245
0,167.89006,57.198406,0.718652,0.783,0.217,0.261,0.522,0
0,220.520325,15.104071,0.926858,0.784,0.216,0.73,0.054,0
0,198.788849,29.636196,0.735804,0.785,0.214,0.321,0.464,0
0,185.142059,30.661428,0.718,0.786,0.214,0.536,0.25,0
0,253.61853,41.970665,0.88266,0.787,0.213,0.702,0.085,0.286
0,174.56192,31.640301,0.939,0.788,0.212,0.667,0.121,0
0,250.009689,43.693756,0.943,0.788,0.212,0.697,0.091,0.214
0,136.8759,6.749642,0.795669,0.79,0.211,0.658,0.132,0.232
0,226.15094,11.593901,0.912526,0.791,0.209,0.512,0.279,0.22
0,258.806152,30.451448,0.9604,0.792,0.208,0.625,0.167,0
0,188.293518,40.32822,0.76296,0.793,0.207,0.552,0.241,0
0,168.907761,28.591795,0.967,0.793,0.207,0.586,0.207,0
0,217.04187,-1.941606,0.790285,0.794,0.206,0.676,0.118,0
0,215.959457,12.744391,0.827292,0.794,0.206,0.794,0,0
0,219.487015,19.900909,1,0.795,0.205,0.769,0.026,0.111
0,250.067947,23.716331,1,0.796,0.205,0.773,0.023,0.143
0,172.675293,46.286854,0.96316,0.8,0.2,0.567,0.233,0
0,224.17218,0.204336,0.784078,0.8,0.2,0.65,0.15,0.125
0,254.320908,25.216768,0.974,0.8,0.2,0.667,0.133,0
0,231.330734,33.583256,0.80685,0.8,0.2,0.514,0.286,0.091
0,196.494598,25.465689,0.750398,0.8,0.2,0.433,0.367,0.033
0,246.895691,31.37742,0.813305,0.8,0.2,0.6,0.2,0.083
0,126.912727,40.722992,0.957462,0.804,0.196,0.587,0.217,0.307
0,212.068558,37.819996,0.976,0.805,0.195,0.707,0.098,0
0,198.833527,42.325157,0.737665,0.806,0.194,0.548,0.258,0
0,222.665207,11.848372,0.795264,0.806,0.194,0.806,0,0.2
0,218.56456,28.234806,0.673968,0.807,0.194,0.71,0.097,0
0,147.938767,55.944523,0.962037,0.807,0.192,0.615,0.192,0
0,214.446762,55.51627,0.9253,0.809,0.191,0.782,0.027,0.239
0,143.859497,29.812622,0.833637,0.81,0.19,0.286,0.524,0
0,195.781006,-2.365329,0.861016,0.811,0.189,0.514,0.297,0.25
0,242.273224,37.884857,0.768498,0.811,0.189,0.595,0.216,0
0,144.833939,28.341141,0.691989,0.812,0.188,0.531,0.281,0.182
0,172.541916,36.172451,0.826962,0.813,0.188,0.438,0.375,0
0,195.295792,39.744469,0.825565,0.814,0.186,0.419,0.395,0
0,207.986694,20.54899,0.674975,0.815,0.185,0.704,0.111,0.125
0,350.392609,0.447667,0.927,0.815,0.184,0.447,0.368,0.25
0,197.959427,46.932693,0.9272,0.816,0.184,0.395,0.421,0.286
0,211.546646,24.439167,0.706266,0.818,0.182,0.318,0.5,0.286
0,172.400482,-1.298638,0.892349,0.818,0.182,0.545,0.273,0
0,219.311233,38.454269,0.868808,0.819,0.182,0.758,0.061,0
0,152.332047,14.990937,0.694407,0.821,0.179,0.464,0.357,0
0,122.027763,34.932762,0.875154,0.821,0.179,0.5,0.321,0
0,223.728638,30.262259,0.816979,0.822,0.178,0.4,0.422,0.1
0,232.074112,53.150974,0.878755,0.823,0.176,0.676,0.147,0.25
0,179.890305,31.412222,0.919,0.824,0.176,0.824,0,0
0,193.302109,27.323076,0.92815,0.825,0.175,0.55,0.275,0
0,118.472099,12.699569,0.847945,0.826,0.174,0.304,0.522,0.245
0,167.704681,18.420307,0.863432,0.827,0.172,0.655,0.172,0.286
0,179.884064,21.563841,0.906015,0.828,0.172,0.345,0.483,0.286
0,210.546478,3.32215,0.893268,0.828,0.171,0.514,0.314,0.09
0,162.074905,2.572457,0.721794,0.829,0.171,0.629,0.2,0
0,199.209076,-3.062726,0.996004,0.829,0.17,0.638,0.191,0.153
0,230.567139,2.066498,1,0.833,0.167,0.75,0.083,0.286
0,161.269791,36.561085,0.96,0.833,0.167,0.708,0.125,0
0,196.27536,11.712369,0.973,0.833,0.167,0.389,0.444,0
0,208.690888,57.556202,0.737115,0.834,0.167,0.567,0.267,0.125
0,194.145233,10.514926,0.706553,0.834,0.167,0.417,0.417,0.267
0,118.367805,14.361376,0.98,0.837,0.163,0.531,0.306,0
0,213.324158,10.840246,0.903068,0.838,0.162,0.622,0.216,0.091
0,48.081818,-0.068412,0.775028,0.838,0.162,0.27,0.568,0.111
0,154.743576,37.300209,0.755895,0.839,0.161,0.387,0.452,0
0,130.201797,8.293497,0.757671,0.84,0.16,0.613,0.227,0.283
0,168.208099,45.063629,0.859959,0.84,0.16,0.6,0.24,0
0,344.02356,0.554271,0.776066,0.842,0.158,0.421,0.421,0.143
0,240.989166,31.619738,0.97,0.843,0.156,0.281,0.562,0
0,202.281311,41.285782,0.978,0.844,0.156,0.644,0.2,0.125
0,184.019531,38.95628,1,0.844,0.156,0.688,0.156,0.2
0,324.259857,0.428253,0.846905,0.846,0.154,0.359,0.487,0.077
0,240.149002,15.685633,0.963,0.846,0.154,0.731,0.115,0
0,186.101318,3.928341,0.897,0.847,0.154,0.462,0.385,0
0,214.708588,-0.093803,0.916596,0.848,0.152,0.606,0.242,0.125
0,117.372017,19.473469,0.846508,0.849,0.152,0.758,0.091,0.083
0,181.448593,24.115736,0.869176,0.85,0.15,0.625,0.225,0.158
0,134.368942,28.616768,0.959,0.851,0.149,0.617,0.234,0
0,193.865753,50.837673,0.788938,0.852,0.148,0.333,0.519,0
0,165.293915,24.177578,0.809975,0.853,0.147,0.618,0.235,0.286
0,191.504334,28.812893,0.944,0.853,0.147,0.559,0.294,0.143
0,207.196564,7.451708,0.924945,0.854,0.146,0.659,0.195,0.1
0,205.373581,23.166946,0.938952,0.857,0.143,0.571,0.286,0
0,250.646454,22.576561,0.87291,0.857,0.143,0.524,0.333,0
0,167.214004,44.432735,0.934122,0.857,0.143,0.714,0.143,0
0,222.182053,62.262928,0.77754,0.857,0.143,0.393,0.464,0.111
0,140.643005,-0.391839,0.737031,0.857,0.143,0.536,0.321,0
0,242.930267,20.781427,0.757474,0.858,0.142,0.677,0.181,0.167
0,177.93042,1.991285,1,0.861,0.14,0.721,0.14,0.286
0,133.745514,26.490063,0.818669,0.861,0.139,0.639,0.222,0
0,200.376801,37.731308,0.74342,0.862,0.138,0.207,0.655,0.222
0,178.497269,22.223684,0.743482,0.862,0.138,0.759,0.103,0.2
0,178.405624,-0.600901,0.78369,0.862,0.138,0.345,0.517,0.111
0,128.574417,59.418289,0.815287,0.864,0.136,0.5,0.364,0
0,206.658539,23.196039,0.974,0.865,0.135,0.676,0.189,0.25
0,148.481338,11.817254,0.788508,0.866,0.134,0.598,0.268,0
0,224.813644,8.489158,0.702222,0.867,0.133,0.567,0.3,0.143
0,201.184326,1.412384,0.937992,0.867,0.133,0.467,0.4,0
0,181.644119,58.946369,0.922378,0.868,0.132,0.579,0.289,0.25
0,224.494156,34.115772,0.7619,0.868,0.132,0.342,0.526,0.045
0,247.340134,35.511387,0.958,0.869,0.13,0.652,0.217,0.217
0,173.761337,59.903046,0.860124,0.871,0.129,0.516,0.355,0
0,127.245316,30.457993,0.773087,0.871,0.129,0.677,0.194,0
0,172.423477,60.500198,0.922737,0.872,0.129,0.704,0.168,0.195
0,202.295685,40.095753,0.996004,0.872,0.128,0.846,0.026,0
0,143.763534,34.284283,0.88908,0.875,0.125,0.7,0.175,0
0,137.484741,65.435989,0.705756,0.875,0.125,0.25,0.625,0
0,190.456741,29.544884,0.684866,0.875,0.125,0.458,0.417,0.111
0,124.889534,45.371262,0.763865,0.875,0.125,0.531,0.344,0
0,210.722549,40.423531,1,0.878,0.122,0.61,0.268,0
0,136.616608,33.497978,0.94,0.879,0.121,0.424,0.455,0
0,214.870041,30.085564,0.713946,0.88,0.12,0.48,0.4,0.083
0,125.54451,3.268045,0.912474,0.881,0.119,0.667,0.214,0
0,220.65123,29.650967,0.918566,0.882,0.118,0.676,0.206,0
0,245.142746,21.202536,0.82875,0.883,0.118,0.618,0.265,0
0,197.006897,26.765373,0.931618,0.884,0.116,0.791,0.093,0.123
0,138.448868,32.876705,0.683829,0.884,0.115,0.269,0.615,0
0,236.158646,-1.61575,0.764226,0.885,0.115,0.577,0.308,0
0,155.565582,20.997787,0.91854,0.886,0.114,0.686,0.2,0
0,192.888641,26.769815,0.897684,0.887,0.114,0.523,0.364,0.294
0,181.788376,25.640703,0.923377,0.889,0.111,0.583,0.306,0.08
0,243.09845,35.174957,0.973,0.889,0.111,0.75,0.139,0.074
0,208.846222,54.147049,0.818244,0.889,0.111,0.5,0.389,0.2
0,244.97374,46.883533,0.958441,0.891,0.109,0.587,0.304,0.154
0,141.916031,51.400398,0.832938,0.892,0.108,0.703,0.189,0.156
0,187.621948,62.930935,0.855871,0.893,0.107,0.286,0.607,0
0,170.842239,21.614704,1,0.894,0.106,0.745,0.149,0
0,141.191498,2.897563,0.69445,0.895,0.105,0.737,0.158,0.086
0,237.231979,38.39537,0.93408,0.896,0.104,0.625,0.271,0
0,157.085693,21.882069,0.857982,0.896,0.103,0.448,0.448,0
0,157.507721,57.578041,0.967,0.897,0.103,0.552,0.345,0.1
0,230.820755,10.775815,0.967,0.897,0.103,0.483,0.414,0.25
0,352.405701,0.12948,1,0.899,0.101,0.671,0.228,0
0,132.625855,29.941753,0.975,0.9,0.1,0.7,0.2,0
0,147.415375,36.65617,0.71442,0.9,0.1,0.4,0.5,0.143
0,135.894058,41.710117,0.975024,0.901,0.099,0.406,0.495,0.267
0,237.734757,54.683903,1,0.903,0.098,0.683,0.22,0.2
0,203.103256,29.084717,0.704455,0.903,0.097,0.387,0.516,0.2
0,214.608978,1.356075,0.688074,0.904,0.097,0.194,0.71,0.222
0,157.408371,37.178368,0.7,0.905,0.095,0.667,0.238,0.1
0,209.700028,3.633484,0.841224,0.906,0.094,0.312,0.594,0
0,219.337814,57.601307,0.941,0.906,0.094,0.781,0.125,0
0,221.066528,7.323214,0.977,0.907,0.093,0.791,0.116,0
0,174.844498,64.803642,0.936,0.909,0.091,0.25,0.659,0
0,230.308106,7.371909,0.889322,0.909,0.091,0.242,0.667,0.167
0,235.474152,32.763084,0.889,0.909,0.091,0.545,0.364,0
0,253.011597,62.130474,0.936398,0.911,0.089,0.444,0.467,0.143
0,187.93544,63.748081,0.971,0.912,0.088,0.412,0.5,0.167
0,176.6017,35.728394,0.860259,0.913,0.087,0.176,0.737,0.316
0,165.790054,21.511816,0.945756,0.914,0.086,0.571,0.343,0
0,169.617966,57.454449,0.944,0.915,0.086,0.629,0.286,0
0,148.876373,7.955582,0.732669,0.916,0.083,0.333,0.583,0.077
0,168.968216,18.09584,0.9,0.917,0.083,0.167,0.75,0.25
0,242.213776,49.009052,0.818296,0.917,0.083,0.25,0.667,0.091
0,217.760101,11.889631,0.81872,0.918,0.081,0.486,0.432,0
0,51.15551,-0.444033,0.949,0.919,0.081,0.892,0.027,0
0,191.099686,47.237755,0.718544,0.92,0.08,0.28,0.64,0.214
0,216.978653,26.754175,0.99,0.921,0.079,0.868,0.053,0
0,121.147751,55.543243,0.974,0.921,0.079,0.632,0.289,0
0,178.663879,20.378624,0.9516,0.923,0.077,0.333,0.59,0
0,144.044556,25.911156,0.999,0.923,0.077,0.359,0.564,0
0,222.411118,21.876783,0.681268,0.923,0.077,0.5,0.423,0.14
0,130.230545,23.539392,0.937936,0.925,0.075,0.4,0.525,0
0,151.347122,20.903532,0.810931,0.925,0.075,0.725,0.2,0.17
0,214.099411,39.502193,0.870492,0.926,0.074,0.704,0.222,0
0,129.365891,41.31461,0.953,0.927,0.073,0.659,0.268,0
0,182.711655,10.844051,0.752608,0.928,0.071,0.357,0.571,0
0,186.424683,4.49577,0.69996,0.929,0.071,0.5,0.429,0
0,169.66098,40.942219,0.926394,0.929,0.071,0.393,0.536,0.133
0,133.037384,39.212852,0.877,0.931,0.07,0.339,0.592,0.143
0,134.847092,53.59864,0.85256,0.931,0.069,0.69,0.241,0.077
0,19.845402,-0.119411,0.947,0.931,0.069,0.517,0.414,0
0,179.632889,1.131924,0.967,0.932,0.068,0.795,0.137,0
0,150.416138,14.372293,0.95,0.933,0.067,0.489,0.444,0
0,155.17366,28.70121,0.978,0.934,0.067,0.578,0.356,0
0,183.4926,59.415077,0.860036,0.935,0.065,0.516,0.419,0.117
0,184.206055,2.6111,0.938961,0.936,0.065,0.71,0.226,0
0,128.356781,54.559082,0.969,0.938,0.063,0.624,0.314,0
0,186.27652,7.401663,0.939986,0.938,0.062,0.438,0.5,0.25
0,158.361099,11.833808,0.908208,0.939,0.061,0.848,0.091,0.13
0,227.770264,17.734776,0.825125,0.939,0.061,0.394,0.545,0.176
0,154.74971,55.85281,0.82535,0.94,0.061,0.758,0.182,0.286
0,141.414169,13.406045,0.770764,0.941,0.059,0.412,0.529,0
0,198.811188,21.275024,0.918566,0.941,0.059,0.441,0.5,0.2
0,312.230835,-1.085541,0.896184,0.943,0.058,0.521,0.422,0.259
0,120.790871,20.437729,0.706691,0.943,0.057,0.486,0.457,0
0,148.42279,34.758514,0.973,0.944,0.056,0.583,0.361,0
0,225.345764,41.910175,0.878131,0.945,0.056,0.167,0.778,0
0,243.566238,39.948971,1,0.946,0.054,0.162,0.784,0.077
0,201.17038,49.669769,0.94965,0.946,0.054,0.541,0.405,0.111
0,141.91304,7.079677,0.982,0.947,0.054,0.411,0.536,0
0,219.140656,5.775617,0.704344,0.947,0.053,0.526,0.421,0.167
0,178.836044,-2.141438,0.975,0.948,0.051,0.769,0.179,0
0,181.376556,10.720517,0.951,0.949,0.051,0.513,0.436,0.182
0,250.883011,24.327667,0.928176,0.95,0.05,0.525,0.425,0.25
0,240.052933,33.888126,0.953,0.95,0.049,0.654,0.296,0.25
0,215.706833,20.162138,0.909632,0.952,0.049,0.293,0.659,0.083
0,132.3078,54.864822,0.913935,0.952,0.048,0.333,0.619,0.25
0,226.197967,35.366627,0.934485,0.953,0.047,0.465,0.488,0.12
0,227.725418,8.417808,0.935946,0.954,0.045,0.227,0.727,0
0,188.876465,30.077421,1,0.955,0.045,0.114,0.841,0
0,216.316116,48.961861,0.717998,0.957,0.043,0.261,0.696,0.25
0,121.147453,43.649742,0.921043,0.958,0.043,0.511,0.447,0.077
0,209.403946,3.233189,1,0.959,0.042,0.542,0.417,0
0,197.21167,28.886253,0.995004,0.96,0.04,0.52,0.44,0.009
0,120.087433,26.613525,0.94276,0.96,0.04,0.72,0.24,0
0,160.997742,-0.469002,0.745669,0.961,0.038,0.115,0.846,0.167
0,178.892639,-1.354528,0.703189,0.962,0.038,0.154,0.808,0.081
0,160.949905,15.895149,0.730059,0.963,0.037,0.444,0.519,0.188
0,165.800171,6.219347,0.800715,0.964,0.036,0.5,0.464,0.143
0,231.018951,5.135971,0.675444,0.964,0.036,0.643,0.321,0.167
0,224.506195,9.056623,0.828719,0.965,0.034,0.655,0.31,0.143
0,156.039459,1.776746,0.738743,0.966,0.034,0.207,0.759,0.048
0,48.942589,-1.16884,0.921159,0.967,0.033,0.4,0.567,0.278
0,184.57579,-3.686052,0.93993,0.967,0.032,0.548,0.419,0
0,228.417465,0.160417,0.838185,0.968,0.032,0.323,0.645,0.2
0,197.718201,2.298753,0.910888,0.969,0.031,0.315,0.654,0
0,128.216049,23.141502,0.78273,0.969,0.031,0.5,0.469,0.184
0,238.746338,42.105362,0.943,0.969,0.03,0.848,0.121,0.2
0,235.744492,11.229611,0.93357,0.97,0.03,0.03,0.94,0.294
0,223.256577,19.080589,0.908891,0.97,0.03,0.152,0.818,0.245
0,184.323502,35.988743,0.916624,0.971,0.029,0.353,0.618,0.182
0,221.04364,47.120342,0.813365,0.971,0.029,0.114,0.857,0.059
0,208.387909,34.833302,0.946,0.971,0.029,0.371,0.6,0
0,334.238617,-0.139765,0.769845,0.972,0.029,0.286,0.686,0.192
0,249.478821,24.147287,0.798889,0.972,0.028,0.333,0.639,0.2
0,206.679749,0.647461,0.725555,0.973,0.028,0.167,0.806,0
0,226.359344,5.476684,0.972052,0.973,0.027,0.324,0.649,0
0,159.040863,3.272171,0.949,0.973,0.027,0.757,0.216,0.062
0,245.91806,22.385082,0.967,0.974,0.026,0.282,0.692,0.2
0,118.02021,16.609699,0.745308,0.974,0.026,0.395,0.579,0.286
0,199.641907,44.179584,0.97908,0.974,0.026,0.263,0.711,0
0,143.963058,19.149685,0.909632,0.975,0.025,0.4,0.575,0
0,249.926743,36.902554,0.879619,0.975,0.024,0.585,0.39,0
0,132.167557,1.038785,0.943,0.976,0.024,0.405,0.571,0.038
0,218.453781,3.236907,0.910608,0.976,0.024,0.366,0.61,0.25
0,152.141403,44.392082,0.955506,0.976,0.023,0.302,0.674,0
0,227.488251,27.190271,1,0.977,0.023,0.512,0.465,0.182
0,139.114563,19.920479,0.8624,0.978,0.023,0.364,0.614,0
0,232.877685,1.530262,0.985,0.979,0.022,0.109,0.87,0
0,336.683777,0.946389,0.98,0.98,0.02,0.429,0.551,0
0,222.659973,23.158602,0.71828,0.982,0.017,0.36,0.622,0
